cluster,size,percentage
0,4824,59.37961595273264
1,192,2.363367799113737
2,3108,38.25701624815362
