metric,value
Accuracy,0.887124569177745
Precision_Poisonous,0.9678627145085803
Recall_Poisonous,0.7921348314606742
F1_Poisonous,0.8712259514113186
Precision_Edible,0.8345192112217931
Recall_Edible,0.9755228136882129
F1_Edible,0.8995288703845733
CV_Mean_Accuracy,0.7709001894657067
CV_Std_Accuracy,0.1398009047708747
